noop,fastcall
59,158
70,288
62,163
42,139
38,137
38,139
38,138
38,137
38,138
41,138
38,137
42,138
38,138
38,139
37,137
37,138
40,137
37,147
37,138
37,137
38,137
37,138
41,139
37,137
41,136
37,139
43,138
40,138
41,138
37,136
37,138
38,137
38,137
42,143
37,140
41,144
38,140
37,136
37,138
37,137
38,139
38,136
42,140
41,136
38,137
38,138
38,139
38,138
38,138
41,137
37,137
42,136
38,137
37,136
37,138
38,139
41,139
37,139
37,138
40,141
38,138
38,137
37,139
37,136
41,139
38,143
41,140
37,138
38,136
37,139
38,136
37,137
41,136
38,135
38,139
38,137
38,138
37,140
37,140
38,137
38,139
38,139
38,138
41,138
37,138
37,138
38,137
38,137
37,139
41,136
37,138
38,137
38,137
42,136
38,138
37,136
37,138
37,136
42,138
37,137
41,138
38,138
37,138
38,137
38,138
37,138
37,137
37,138
38,136
42,140
37,138
38,139
40,138
38,140
40,138
42,136
41,138
42,138
38,136
38,139
41,137
38,136
38,138
41,138
38,138
38,137
37,139
37,138
41,140
42,138
38,136
37,138
38,137
38,138
39,137
37,137
38,138
37,137
42,138
37,136
42,138
38,135
38,138
41,139
37,137
42,139
38,138
42,140
42,138
37,138
37,138
38,138
37,137
37,138
37,137
42,137
38,136
41,138
38,137
38,140
41,137
38,138
38,138
37,138
42,137
42,139
41,138
38,140
37,138
38,137
37,137
43,139
40,137
38,138
38,137
37,140
38,137
37,141
38,138
37,140
37,138
38,138
41,138
37,138
38,137
38,138
37,138
41,138
38,138
37,138
42,138
37,138
41,136
37,137
37,138
37,138
37,138
38,137
41,137
37,138
37,137
37,141
38,139
41,138
38,136
43,137
37,139
38,140
38,138
38,137
42,137
42,138
37,137
37,138
37,137
41,142
37,136
37,137
42,137
37,140
41,137
38,138
42,137
37,138
41,137
38,141
37,138
40,140
40,138
38,138
38,138
39,136
42,140
37,139
38,137
38,140
38,138
38,138
41,138
37,138
38,137
37,138
42,137
38,138
42,137
38,138
40,140
38,137
37,136
38,137
42,138
38,138
41,137
42,142
38,138
37,136
38,136
38,137
42,137
38,140
40,137
38,141
37,138
37,138
37,138
41,137
38,137
42,138
42,136
38,142
41,138
37,138
37,138
37,140
41,136
42,138
38,138
38,138
40,137
38,142
37,137
37,140
41,137
38,138
38,137
38,138
37,136
37,138
42,138
37,138
38,138
40,138
42,138
37,140
40,138
40,137
37,136
38,135
38,140
37,139
42,138
40,139
38,139
42,136
42,138
37,140
38,137
38,136
38,138
42,138
37,139
41,137
38,140
41,138
37,138
38,140
37,138
38,137
42,138
37,136
38,139
37,138
38,137
37,140
37,139
38,137
42,137
38,139
42,137
38,139
38,139
42,137
38,137
43,138
37,137
37,135
38,137
38,138
37,138
40,138
37,136
41,138
41,138
38,138
37,139
38,138
38,138
38,137
38,139
41,138
38,137
38,139
37,138
38,136
38,138
41,137
38,138
41,142
38,138
41,136
42,139
37,137
37,138
38,138
42,137
39,142
38,140
38,136
38,136
38,137
38,138
37,140
37,138
37,140
37,137
37,138
37,139
37,138
37,138
38,138
38,138
37,141
43,137
37,140
37,137
38,137
38,136
38,138
42,139
41,137
38,138
38,138
38,139
38,138
38,140
37,138
42,136
38,138
38,139
42,138
37,137
37,139
37,138
38,138
37,140
40,136
41,137
37,138
38,138
38,136
37,139
37,137
37,140
38,138
42,136
37,137
42,138
38,138
38,137
38,140
40,138
40,136
37,138
38,138
40,140
41,139
41,138
38,138
38,138
38,137
37,140
41,138
37,138
38,147
37,140
37,138
41,139
37,138
37,138
38,141
38,137
40,138
38,137
37,138
40,138
38,138
37,139
37,140
41,136
38,136
42,137
42,138
38,140
38,137
38,139
38,139
42,140
38,138
42,138
38,139
38,138
37,137
38,138
38,137
38,138
38,137
37,137
37,138
37,137
41,142
38,137
38,138
37,138
38,137
42,136
38,137
38,137
40,138
39,137
37,139
38,137
38,138
37,136
38,138
37,140
42,138
42,138
37,138
38,137
38,138
41,138
38,140
38,136
38,138
38,138
38,137
37,140
37,136
38,139
38,139
38,138
41,140
42,137
38,138
37,137
38,136
38,142
40,138
37,138
38,137
38,138
38,138
38,139
37,141
41,136
42,137
43,138
41,140
40,138
41,138
42,138
42,138
38,138
37,138
42,138
42,138
42,138
37,138
38,138
38,137
41,138
37,138
41,138
38,138
38,138
42,138
38,138
38,138
37,137
38,137
38,139
37,137
37,138
42,142
38,140
40,137
37,137
40,138
38,138
38,137
41,140
37,137
37,138
37,141
37,138
41,138
37,136
38,138
37,138
41,11126
38,152
37,137
38,137
37,136
37,138
42,137
41,138
38,137
41,136
37,136
37,137
38,136
38,139
38,138
41,138
37,139
37,138
38,138
37,140
42,137
38,136
37,137
37,137
37,137
41,138
38,138
37,137
38,137
38,136
38,139
38,138
40,137
38,137
41,139
37,138
37,140
38,143
38,138
42,141
37,138
38,138
38,138
37,136
37,138
38,137
38,139
38,137
42,136
38,140
42,138
41,136
42,139
37,136
42,140
37,138
41,136
37,138
38,138
37,138
42,138
42,140
37,137
42,138
38,136
38,138
42,138
42,136
42,137
37,138
38,137
38,138
37,135
38,137
42,138
37,136
37,138
37,140
41,138
37,136
38,137
41,136
37,140
38,136
37,138
38,138
41,138
37,138
42,138
38,138
37,136
41,137
37,138
42,137
38,138
38,137
37,138
41,138
37,139
38,139
38,137
41,137
38,138
42,138
38,140
37,139
41,137
38,138
37,139
38,137
37,137
37,136
37,139
37,137
38,137
38,139
41,137
40,139
38,138
40,138
37,138
41,138
37,139
41,138
42,137
38,138
40,138
37,138
38,136
37,140
38,138
41,136
38,140
37,140
42,137
43,139
38,138
37,136
37,138
37,138
41,140
37,147
37,137
38,136
41,137
37,138
42,136
40,142
37,136
38,137
38,137
37,137
38,136
38,140
38,138
38,138
37,138
37,137
37,135
38,138
38,138
38,138
38,138
40,138
41,136
38,138
37,138
37,138
37,138
37,138
37,137
41,136
41,138
41,139
38,138
38,138
38,137
37,140
38,138
38,138
37,137
37,138
37,139
38,138
38,140
37,18446744073709486218
38,139
42,138
42,136
37,138
38,138
38,138
43,138
42,136
38,139
38,138
37,138
42,138
37,138
38,137
37,137
37,138
37,138
38,138
38,136
41,140
37,137
40,137
40,136
38,138
40,138
38,138
37,137
38,138
40,137
37,140
38,138
37,137
37,140
42,137
38,140
40,139
42,138
38,138
37,136
37,136
42,139
42,138
38,138
42,137
42,138
37,138
37,138
41,138
41,138
37,141
38,138
38,138
42,138
38,138
40,138
42,137
38,138
41,137
40,136
38,138
38,138
41,136
41,138
37,138
38,137
38,138
37,137
38,137
37,138
38,139
40,137
37,141
37,136
38,138
38,138
38,138
38,138
38,138
37,138
37,136
37,137
40,140
38,138
41,138
38,136
42,138
41,138
38,137
37,140
37,138
41,136
38,140
38,136
37,136
37,140
38,136
38,139
42,137
37,137
38,136
37,138
42,140
41,138
38,143
38,137
37,138
38,138
43,138
41,138
37,137
37,138
37,137
40,136
37,138
37,140
38,138
42,138
37,137
40,136
38,138
40,138
38,140
38,137
40,138
38,136
37,138
39,138
41,138
41,139
38,138
38,140
37,138
37,138
42,138
38,138
38,138
42,138
37,138
41,138
38,138
41,136
37,139
38,137
38,139
38,138
40,138
42,140
37,137
42,138
38,139
40,138
38,137
38,137
42,138
42,137
37,138
38,138
37,137
38,138
37,139
37,139
37,137
41,137
38,139
40,137
38,138
38,136
38,137
38,139
38,138
38,140
38,136
37,137
38,138
41,138
38,136
38,138
38,137
41,138
41,138
37,137
40,138
37,137
41,138
42,138
38,138
38,138
37,137
38,138
38,138
37,137
38,138
38,138
38,136
37,137
37,138
37,138
38,137
38,137
38,136
37,137
40,138
37,137
38,140
42,138
37,138
37,137
41,136
38,138
38,138
37,138
37,138
37,138
38,137
38,138
38,138
42,140
37,138
38,137
37,138
37,139
38,137
37,138
38,138
40,138
42,138
38,137
38,139
38,136
38,138
37,138
37,136
38,140
38,139
38,140
41,137
37,136
42,138
38,137
38,138
38,140
38,137
37,138
38,138
38,138
41,137
41,137
38,138
38,140
37,139
37,137
42,136
38,138
38,137
37,138
42,138
38,137
38,138
38,138
40,138
38,137
41,136
38,138
38,140
40,137
40,141
38,137
38,137
38,137
38,138
37,138
42,138
37,138
38,138
40,138
41,137
41,137
42,138
38,138
38,141
43,137
41,140
38,138
42,136
37,139
37,137
37,138
38,138
39,138
38,138
42,136
37,137
40,137
38,140
37,136
41,140
37,137
38,138
38,138
38,138
38,138
38,136
37,138
38,139
37,137
38,138
42,136
37,138
41,138
37,137
42,140
40,139
38,138
41,137
37,137
37,136
38,136
37,138
42,138
40,141
38,137
38,140
37,138
37,136
37,138
38,137
38,140
37,136
38,138
37,140
38,138
37,139
38,138
37,137
38,138
41,138
40,140
37,138
38,140
41,137
40,137
40,139
37,136
42,138
42,138
38,137
42,140
38,136
41,139
40,138
41,139
37,138
37,137
38,137
42,137
38,138
42,138
42,138
42,138
37,138
37,138
38,138
41,136
38,140
38,137
41,140
38,139
37,138
38,138
38,137
37,138
38,136
37,137
37,139
37,137
42,140
41,136
38,137
37,138
38,138
37,139
37,137
38,138
41,137
42,136
37,138
37,137
37,138
42,138
38,141
41,138
38,140
38,138
41,136
38,136
42,138
38,138
37,138
38,138
43,137
38,137
40,138
40,137
37,139
38,137
37,137
42,138
37,138
37,138
38,135
42,137
41,138
38,139
41,139
38,137
38,138
38,137
37,137
37,138
38,142
41,135
38,138
43,138
42,137
38,138
37,140
37,138
42,138
37,138
38,137
37,140
38,138
37,139
38,138
38,147
38,137
43,138
37,139
38,135
38,138
38,138
38,137
37,136
41,138
38,139
37,138
38,137
42,140
42,137
37,137
37,138
38,139
38,138
38,138
37,140
38,138
41,135
38,137
38,138
38,140
38,137
38,140
37,137
38,139
41,138
38,138
38,137
37,137
37,138
38,138
38,138
42,137
41,138
41,138
42,138
38,137
37,137
38,137
37,136
38,138
38,137
38,140
38,140
38,138
42,137
37,139
38,139
37,137
37,138
38,140
40,138
38,140
38,138
42,138
38,136
38,138
38,140
38,136
38,140
38,138
38,139
37,137
38,140
37,137
38,139
38,136
37,138
38,137
38,138
37,137
37,139
37,138
37,138
37,137
42,140
38,139
40,137
38,137
37,138
37,141
38,140
38,138
38,138
38,137
40,137
42,138
38,137
40,140
40,137
38,136
38,137
38,138
38,137
38,143
38,138
38,139
37,139
38,142
38,135
37,136
37,138
41,138
41,136
38,136
37,138
37,138
37,138
37,138
38,138
38,138
37,136
37,138
37,137
38,139
37,136
41,137
42,138
42,140
38,138
38,138
40,137
41,138
38,136
38,136
38,138
37,139
38,140
41,139
37,139
42,136
38,138
41,135
38,138
38,138
38,137
38,141
37,138
38,140
41,137
40,138
42,137
41,138
38,138
43,140
37,136
42,140
38,137
38,137
37,138
38,137
40,140
37,136
37,138
38,138
38,138
38,138
41,136
42,140
38,137
41,142
38,138
38,136
38,136
38,138
37,140
41,136
37,138
41,138
38,138
42,137
41,137
38,137
37,137
37,137
38,138
41,139
40,140
38,137
42,138
40,138
38,138
37,136
40,138
40,138
42,136
37,138
38,136
42,138
37,138
38,139
38,139
41,138
37,138
42,142
38,138
40,138
42,138
38,137
37,137
38,138
37,139
37,138
37,136
38,140
38,138
37,138
38,137
38,138
42,137
37,136
38,138
38,137
38,140
37,135
37,138
37,138
38,140
38,142
37,137
42,137
38,138
37,138
38,139
38,138
40,137
42,135
37,138
41,136
37,137
42,139
37,140
41,136
40,138
38,135
37,138
41,137
42,139
37,138
38,135
38,138
42,138
41,138
38,138
38,138
38,138
43,138
38,138
37,136
37,138
38,137
39,138
38,137
38,139
38,138
38,136
42,137
41,18446744073709486218
38,139
41,136
38,140
37,138
37,138
37,138
38,137
37,138
38,138
38,136
37,138
37,137
37,140
38,137
37,139
38,138
38,136
38,137
38,139
37,138
38,137
37,139
37,138
38,138
41,137
38,138
38,137
37,137
37,138
37,138
37,138
37,138
38,137
42,138
38,138
38,138
37,136
43,138
42,138
38,136
38,138
37,137
37,138
43,138
38,138
38,138
37,136
38,139
38,140
38,140
37,138
38,138
38,138
38,138
42,137
38,138
38,141
37,138
38,138
42,136
38,135
38,138
37,138
38,138
38,143
37,138
37,139
38,138
37,138
38,138
37,138
38,138
38,142
38,136
38,139
38,137
38,138
42,136
37,138
37,136
38,136
42,136
38,138
38,140
41,138
38,140
38,136
38,138
38,138
37,138
42,138
38,137
41,141
41,136
37,137
41,138
38,137
42,138
37,137
38,140
38,138
37,137
41,138
38,137
37,137
41,137
38,137
37,136
40,138
38,137
37,141
38,137
38,138
38,139
37,140
41,138
38,136
37,137
37,138
38,138
37,138
38,137
37,140
41,137
38,138
42,137
40,138
41,137
42,137
37,139
42,137
38,138
38,138
42,138
38,137
41,137
37,139
42,137
42,138
38,137
37,137
42,139
38,138
41,138
38,136
37,139
37,137
41,138
38,138
38,138
41,138
41,140
37,137
38,138
38,138
38,136
42,140
41,140
41,137
37,138
38,140
38,137
37,140
37,138
38,137
38,137
40,137
40,140
37,138
41,138
38,138
38,137
38,137
37,139
41,138
38,136
38,139
38,138
38,142
38,138
38,138
38,138
38,138
38,138
39,134
40,136
37,138
38,137
37,139
41,137
38,140
37,138
38,146
41,138
37,137
37,138
38,136
42,138
38,138
37,136
40,136
37,140
37,138
38,18446744073709486217
38,139
38,137
42,138
38,136
42,136
41,140
38,138
38,138
37,138
37,135
37,139
38,138
42,138
42,138
37,138
42,138
38,138
41,138
38,139
38,139
37,137
41,138
38,138
38,138
18446744073709486122,137
37,136
37,138
42,136
38,136
43,138
38,137
37,139
37,139
38,138
38,138
38,138
38,137
37,137
37,139
37,138
38,136
41,138
42,137
42,139
38,140
38,138
37,137
38,136
38,138
38,140
40,139
37,138
38,137
38,139
37,137
37,139
41,137
40,137
37,136
38,140
37,138
37,138
37,140
37,135
38,139
42,138
37,138
41,140
42,137
38,138
42,138
37,136
38,139
37,140
38,136
37,138
38,138
38,137
37,137
38,136
37,139
42,138
38,137
37,138
41,137
37,138
41,137
37,140
38,137
38,138
41,138
38,136
38,138
38,139
42,140
37,138
37,138
38,137
37,136
38,137
38,138
38,135
41,140
40,136
37,139
38,137
38,138
38,140
37,137
37,139
38,137
37,138
37,140
38,136
37,136
38,138
38,138
40,136
38,137
38,138
41,138
37,138
37,139
38,138
37,138
41,137
42,138
37,139
38,138
40,136
37,139
38,138
37,138
38,138
38,137
37,137
40,139
38,137
37,138
38,137
37,137
37,138
39,138
37,138
37,139
38,138
37,136
38,138
38,138
38,137
42,140
38,136
38,137
41,139
37,137
38,138
37,139
38,136
42,137
38,136
37,138
37,138
38,140
38,138
40,136
37,137
40,136
38,136
37,139
37,138
38,138
37,138
38,137
41,137
38,138
37,141
37,136
38,139
37,140
38,136
38,140
37,138
38,136
40,140
41,138
37,139
42,138
38,139
37,138
37,138
38,138
38,137
38,137
37,138
38,135
37,139
37,138
38,140
40,138
42,139
37,138
37,137
38,136
43,137
37,138
40,139
38,140
38,137
38,137
37,137
38,136
38,138
38,137
41,138
38,138
38,140
38,139
38,136
37,137
37,142
38,137
37,138
37,138
38,137
38,138
40,138
38,140
37,138
37,138
38,139
38,137
37,138
41,138
41,138
38,138
38,138
38,138
37,137
38,138
37,137
38,140
38,138
42,137
38,136
37,136
38,137
37,140
38,138
42,138
37,138
38,137
38,137
42,138
38,136
38,138
38,137
37,137
38,137
41,138
41,138
38,137
38,137
38,138
38,138
37,136
37,138
38,137
38,140
38,138
38,136
37,138
42,138
38,136
43,137
37,136
42,138
40,138
38,138
42,138
37,136
37,137
37,137
38,140
41,138
38,138
38,137
38,136
42,138
37,137
38,138
40,137
38,138
38,138
37,138
38,137
41,137
37,138
38,140
37,138
38,136
38,138
37,138
38,140
38,137
38,138
38,138
37,138
41,138
38,137
38,138
43,138
38,137
38,139
41,138
38,138
38,137
38,136
38,137
42,140
38,138
37,138
38,140
40,136
38,138
37,138
41,138
38,137
41,138
37,139
38,137
37,138
38,137
40,137
40,137
37,140
37,138
37,140
37,137
38,138
38,137
41,138
38,137
38,137
39,138
37,137
37,138
38,139
38,138
37,138
40,140
38,137
38,139
38,138
38,136
38,136
38,136
38,139
39,138
38,140
37,137
37,138
37,139
37,136
38,142
40,136
37,137
38,137
37,135
41,138
38,137
37,138
40,137
38,138
38,138
38,138
41,141
38,137
37,137
37,138
38,137
38,138
37,137
38,137
42,136
38,139
38,136
38,136
41,140
38,140
38,136
38,139
38,140
38,138
40,138
38,138
38,140
38,137
40,138
38,138
38,138
37,138
38,138
37,138
38,137
37,138
41,135
37,136
38,138
38,136
41,137
37,138
38,136
38,138
38,136
37,138
38,138
38,138
40,138
38,138
37,137
38,138
37,138
38,135
38,137
37,138
41,137
38,138
37,139
38,137
40,138
37,138
37,138
38,138
42,137
42,138
41,138
39,138
38,138
38,138
38,138
38,139
37,138
40,140
38,137
43,137
40,137
38,138
37,138
38,136
38,138
38,138
37,140
37,138
38,136
37,138
38,136
41,138
41,138
37,139
38,140
42,140
38,137
38,137
38,138
42,138
38,137
38,138
38,138
38,136
38,138
38,139
38,138
38,137
38,139
38,137
39,138
41,138
40,138
42,139
37,138
38,137
38,136
38,138
37,142
37,140
37,136
40,138
38,137
40,138
42,138
41,136
37,137
41,137
41,137
42,138
37,139
38,138
42,137
38,138
37,138
40,137
37,137
38,137
37,138
38,138
38,143
37,138
37,140
38,138
38,136
37,139
38,138
38,138
37,137
38,139
41,137
38,138
38,138
41,140
38,139
41,137
38,138
42,135
38,139
38,138
38,138
40,137
37,140
37,137
38,140
43,138
37,138
37,138
41,137
38,137
38,141
40,138
38,136
37,137
37,137
38,136
37,138
38,139
37,140
38,137
39,139
40,137
37,138
41,138
41,137
38,138
37,137
41,138
37,137
37,138
38,137
42,138
38,137
37,138
41,138
41,138
38,138
38,138
37,138
37,138
38,138
38,138
40,138
42,138
41,137
38,138
38,137
37,139
38,138
37,136
38,142
38,138
41,139
38,138
42,138
41,138
37,136
38,139
42,137
38,138
38,138
37,136
38,138
40,138
37,137
37,138
37,138
38,137
38,137
38,138
37,138
38,138
38,137
38,136
38,143
38,138
37,139
38,137
38,137
38,137
42,137
38,138
38,136
37,138
38,140
37,138
38,138
37,137
38,137
42,138
37,137
38,138
38,139
38,138
42,136
38,137
42,138
37,137
37,137
38,139
38,137
41,137
38,140
38,138
38,136
38,138
42,137
38,137
38,137
37,138
38,140
37,138
42,137
41,137
41,138
37,140
38,138
42,139
38,136
40,138
38,138
38,138
38,137
37,138
40,137
38,137
37,140
41,140
42,139
37,136
38,137
38,138
40,137
37,137
37,136
41,138
37,138
38,137
41,137
41,138
37,138
37,138
42,140
38,138
37,136
38,138
38,142
37,140
37,137
37,138
42,138
38,138
38,135
38,138
38,138
37,140
38,138
38,138
38,136
38,140
38,138
38,137
38,138
38,136
37,135
41,139
38,138
37,136
42,138
37,138
41,138
38,137
38,137
41,137
42,139
38,138
38,142
38,138
40,136
37,138
41,138
38,138
41,138
41,140
38,138
42,136
38,138
38,137
37,138
42,139
37,143
38,137
37,140
38,138
38,138
37,136
38,138
37,138
38,141
39,137
41,137
38,137
41,138
42,138
37,138
37,136
37,138
38,138
37,135
41,138
37,138
38,138
38,140
37,138
38,143
38,138
37,138
40,138
37,138
38,140
40,138
38,138
37,138
37,138
37,141
38,138
42,137
40,139
38,139
38,138
42,138
38,140
38,138
37,138
37,138
41,140
38,138
38,139
38,139
38,138
41,137
38,139
38,138
37,138
40,140
38,136
38,138
37,140
41,142
40,138
37,138
38,138
37,138
41,138
40,138
42,137
38,135
38,137
37,138
38,139
38,138
38,138
41,138
37,136
38,138
38,139
38,137
37,138
37,140
41,138
42,138
38,137
38,138
38,139
37,138
43,137
38,138
38,139
37,138
41,137
37,138
38,138
37,139
37,138
41,140
37,139
38,139
38,137
37,138
38,138
40,138
38,137
40,137
37,138
40,137
37,139
38,142
40,140
37,138
42,138
38,142
38,138
37,137
41,138
38,140
38,138
38,138
41,137
37,138
38,138
38,138
38,137
37,138
37,136
38,138
41,138
38,140
40,138
38,138
41,140
37,138
38,139
37,139
41,138
42,137
37,136
41,137
42,138
41,142
41,138
37,139
38,136
42,138
38,140
37,136
37,138
38,138
40,135
40,139
42,139
40,137
38,137
37,140
37,140
37,137
37,137
37,140
38,138
40,139
42,137
37,139
38,140
38,139
37,138
38,138
38,138
41,138
38,140
38,137
38,139
38,138
38,136
38,138
38,138
38,138
37,138
37,138
38,136
37,143
37,140
37,137
38,137
38,138
42,138
37,138
37,138
37,138
38,138
43,137
37,137
37,140
38,138
37,138
38,135
42,140
38,138
37,137
37,137
41,137
38,138
38,141
37,139
41,139
38,138
40,140
38,140
38,138
38,139
38,139
41,138
38,137
38,139
38,137
38,138
37,147
38,138
38,138
40,138
37,141
38,138
38,143
38,138
41,136
42,136
37,138
38,139
38,136
43,136
39,138
37,138
38,140
42,139
37,138
38,140
42,138
38,138
38,138
37,138
37,140
38,140
38,139
40,137
37,139
40,137
38,138
38,138
37,141
37,140
37,138
41,139
38,137
38,136
38,138
38,138
37,138
38,137
37,138
42,138
37,140
42,136
39,137
38,137
38,138
37,139
38,136
37,138
37,138
37,137
38,138
38,139
37,139
42,139
37,138
42,140
38,138
37,138
38,137
37,139
38,138
38,138
40,136
40,138
42,140
38,137
38,138
38,138
38,138
42,138
41,137
38,138
38,136
37,140
38,138
38,138
38,139
38,138
41,136
41,138
37,142
38,138
38,136
37,140
37,138
42,139
42,138
38,136
37,140
38,138
42,138
37,137
38,138
40,140
42,138
38,137
37,140
38,140
37,137
37,138
41,139
40,137
38,138
42,138
40,136
38,138
37,138
38,137
42,137
40,138
38,137
37,138
38,138
38,138
37,138
37,138
38,141
38,138
43,137
40,138
37,136
38,140
38,147
38,146
41,139
38,138
42,138
37,137
38,136
37,138
38,138
37,138
38,137
41,138
37,136
38,138
41,136
42,138
38,141
37,137
40,137
42,138
38,136
38,139
37,141
37,139
37,137
38,138
38,139
37,138
41,137
37,139
38,141
42,137
37,138
37,138
41,137
38,139
37,137
37,139
42,138
37,140
37,138
41,137
38,139
37,138
42,138
37,137
41,137
37,136
38,136
38,136
38,138
37,138
41,141
37,138
38,136
38,138
41,143
41,136
40,138
41,138
38,138
42,137
38,136
37,139
38,138
38,138
38,139
38,137
42,137
37,138
37,141
38,140
38,137
37,136
37,138
41,138
38,138
37,140
42,137
39,137
38,138
38,137
41,18446744073709486220
42,140
41,137
37,138
37,138
38,140
37,138
38,138
41,181
37,142
38,138
38,136
38,137
42,139
38,138
38,138
37,138
38,138
37,137
38,136
38,138
38,138
38,137
38,140
38,137
37,138
38,141
38,136
38,140
38,136
41,136
37,136
41,141
41,137
38,136
38,138
40,138
38,138
41,138
37,139
38,138
40,138
38,136
38,137
42,138
37,138
41,138
41,138
38,137
42,137
37,138
40,138
42,137
38,138
37,138
37,138
38,138
41,138
38,135
37,138
42,138
37,136
42,138
38,136
38,138
37,138
37,137
37,137
38,138
39,138
37,136
38,139
38,138
38,138
38,137
37,135
38,139
41,140
37,140
41,137
37,137
38,139
40,137
38,139
37,135
42,138
41,137
38,138
37,140
38,137
42,138
38,137
38,137
42,137
38,138
38,138
38,138
37,137
37,138
38,138
38,138
37,137
38,137
38,139
42,137
38,138
38,136
37,138
41,138
41,138
37,137
38,136
42,138
38,137
37,139
38,136
37,139
38,137
38,138
42,139
40,137
38,138
37,138
38,137
38,140
41,136
42,138
41,138
38,138
38,140
38,137
38,140
38,136
38,136
41,138
41,137
37,137
38,138
38,138
43,138
37,137
37,137
42,138
37,137
37,138
38,137
38,140
42,137
38,137
41,139
41,137
37,135
41,136
42,140
38,138
38,136
43,137
40,136
37,139
38,138
38,136
43,137
42,138
37,136
38,138
38,140
40,138
39,138
37,139
38,138
38,138
38,138
37,136
38,138
38,138
41,138
41,137
41,137
38,138
37,138
37,137
38,137
38,140
38,138
42,137
38,140
38,136
40,138
40,138
38,137
37,136
41,138
38,138
37,136
38,137
37,136
37,138
38,138
41,139
41,136
37,136
37,138
40,140
38,137
38,136
37,138
38,139
41,136
38,140
37,138
37,139
40,137
38,137
38,138
42,139
41,138
41,136
38,137
38,138
40,140
41,138
41,138
41,136
38,137
41,137
38,137
37,143
37,138
38,140
42,138
38,138
38,139
38,138
38,138
37,136
41,139
38,136
43,138
37,137
42,137
38,140
38,138
38,137
40,138
37,140
38,137
38,137
38,138
42,136
38,142
37,136
37,138
41,137
38,138
38,140
38,138
42,137
38,140
37,139
38,140
38,139
38,139
38,138
37,137
38,140
42,136
37,140
37,138
37,141
38,137
38,137
38,136
41,136
42,139
38,140
40,138
37,138
38,138
38,139
38,138
37,137
41,137
38,138
40,138
41,138
42,137
37,137
38,138
37,138
38,137
38,138
38,138
38,138
38,148
41,137
38,137
42,140
37,140
38,138
37,138
37,137
37,139
37,140
38,138
37,138
38,138
41,138
41,137
38,138
38,138
38,138
42,137
37,136
41,137
38,136
38,138
38,138
37,138
37,138
38,138
38,138
37,137
38,137
37,138
38,138
38,139
38,138
40,138
38,139
38,137
41,136
40,139
38,137
42,138
37,137
38,138
38,138
38,136
37,140
38,138
37,135
38,138
38,138
42,138
38,136
38,138
41,139
38,136
38,138
38,138
41,138
42,136
37,137
37,138
37,137
37,140
38,137
42,137
38,138
37,137
38,138
38,138
40,137
37,138
37,143
37,137
38,138
37,140
37,137
38,137
41,137
38,138
38,138
37,138
37,137
37,138
38,140
38,138
38,141
38,137
37,138
37,136
42,138
38,136
37,138
38,136
42,138
38,139
38,137
38,136
37,139
38,139
37,137
38,138
38,138
38,138
41,139
37,139
38,139
40,138
42,138
37,136
41,139
38,137
41,138
41,138
38,140
38,138
37,143
37,139
42,138
37,136
37,140
42,138
42,137
38,138
37,139
38,138
40,138
37,137
37,137
42,137
38,138
38,137
38,138
42,140
42,138
38,138
38,137
43,136
42,140
38,140
37,138
41,140
40,137
38,136
38,139
37,140
38,138
37,140
38,137
38,137
37,142
37,139
37,138
37,137
37,143
42,138
37,138
37,138
41,137
38,140
38,143
38,138
38,138
38,138
38,136
38,138
37,138
42,138
37,138
38,139
42,137
38,137
38,138
37,136
38,137
42,138
38,138
38,138
38,139
38,137
38,137
42,138
38,139
43,138
38,136
37,139
37,136
38,137
42,136
38,138
40,138
38,137
38,137
37,138
37,138
37,138
40,138
38,137
38,137
42,138
38,138
40,138
37,137
38,137
38,138
37,137
37,137
40,138
42,137
37,137
40,138
38,137
42,140
37,138
37,138
38,138
41,137
37,138
37,138
42,138
40,139
42,136
38,139
38,137
38,137
41,136
42,137
38,138
38,138
38,137
37,138
37,138
38,140
37,138
38,140
41,139
38,138
40,139
38,136
38,140
41,137
38,137
37,138
43,137
38,138
40,138
37,138
38,137
37,138
37,136
41,137
38,138
38,139
41,138
40,138
37,138
38,137
43,136
38,136
40,136
37,136
37,138
38,142
37,138
42,138
38,137
38,137
38,138
40,138
41,137
43,136
38,139
38,139
42,137
37,139
37,137
38,137
38,139
41,137
37,138
38,138
42,136
38,138
37,139
37,137
37,138
37,138
38,140
38,138
37,137
38,139
42,138
41,136
38,138
41,139
41,137
38,138
40,138
38,137
40,137
37,139
41,140
42,138
37,136
38,138
41,137
37,139
37,136
38,137
42,138
38,138
37,138
37,140
37,138
37,136
42,135
38,138
37,135
37,139
38,137
38,137
38,137
37,135
37,138
38,137
42,137
37,136
42,138
38,138
37,138
38,137
42,138
38,138
38,137
42,138
38,136
37,138
41,138
37,135
40,138
40,138
38,138
38,138
38,137
38,136
37,139
42,137
37,137
37,136
38,138
38,137
37,138
38,138
41,137
37,135
38,138
37,140
38,138
40,138
37,138
37,136
38,136
37,139
38,137
42,139
37,137
37,139
37,138
38,136
38,138
41,137
40,139
41,137
38,136
37,138
42,138
42,138
38,138
38,137
40,138
38,137
38,138
40,138
38,138
42,139
38,138
37,138
37,136
38,136
37,138
37,137
38,138
37,138
37,137
42,138
38,137
38,136
37,138
38,138
43,138
38,139
41,137
41,136
38,136
38,138
38,138
38,138
38,140
38,138
38,137
38,138
40,138
37,138
40,140
41,137
38,138
40,137
40,140
37,138
38,136
41,137
41,138
38,138
38,147
38,137
41,138
41,140
38,138
38,137
41,138
41,138
41,138
38,138
38,137
37,141
38,138
41,137
38,140
38,140
38,135
38,138
40,138
37,138
38,135
37,138
40,137
37,137
40,138
38,140
38,140
37,138
38,135
38,140
37,139
38,137
37,138
37,136
41,138
42,142
38,140
38,138
38,139
40,139
42,139
38,139
38,138
42,138
37,139
37,139
38,138
38,137
37,138
42,137
38,138
41,137
38,136
38,137
40,137
42,137
38,137
38,142
37,140
37,137
38,138
42,139
38,138
37,138
38,138
37,138
37,137
38,139
41,137
37,136
41,139
42,138
38,138
40,138
37,138
42,141
38,138
38,137
38,138
38,138
38,136
41,136
38,138
37,138
37,136
38,138
37,138
40,138
37,138
37,138
38,137
37,138
41,139
41,136
37,139
37,138
40,137
38,140
43,136
38,136
38,138
38,136
38,136
38,138
38,137
40,140
38,138
42,137
38,137
37,138
41,138
38,138
37,138
38,138
38,137
37,138
37,138
42,136
43,140
38,137
38,137
38,138
42,137
42,141
37,137
37,139
37,138
38,136
38,138
38,138
37,138
37,138
38,140
37,137
38,135
37,139
38,138
37,138
38,138
38,138
38,138
37,136
38,137
38,146
40,138
37,138
38,138
38,138
38,137
38,137
41,138
38,138
38,138
37,138
37,137
37,138
37,139
38,138
38,138
38,138
41,138
37,137
38,138
42,138
37,138
39,138
38,140
38,137
41,18446744073709486217
37,138
38,137
38,138
38,136
38,137
37,139
38,140
38,136
38,136
37,138
38,138
37,138
37,137
38,136
38,137
37,138
38,138
41,138
38,138
39,138
42,136
37,136
37,138
38,138
41,138
38,136
38,138
37,138
38,136
37,138
37,138
42,140
38,138
38,138
37,137
37,137
37,140
37,137
38,140
43,136
41,136
40,138
38,138
41,138
37,138
41,140
38,138
38,137
39,138
37,140
38,137
38,136
38,138
42,138
38,138
38,138
40,138
38,138
37,138
37,137
38,137
38,136
38,138
38,136
42,138
42,137
37,137
38,136
42,135
40,138
37,140
40,137
37,138
42,140
38,137
38,136
40,137
38,138
37,136
38,139
42,138
38,137
37,137
37,136
37,137
40,138
37,138
38,138
38,138
37,139
41,138
42,136
37,136
38,137
38,138
37,137
38,138
40,136
38,137
38,136
41,138
38,136
37,136
40,138
38,138
40,138
38,137
41,138
38,136
41,138
42,139
42,138
38,137
37,140
38,137
38,139
38,138
39,138
38,18446744073709486217
41,136
40,142
38,137
38,138
38,140
37,138
38,138
38,137
42,136
37,138
38,140
38,142
38,138
38,139
38,136
37,138
37,140
37,143
37,136
37,137
38,138
40,138
38,137
41,140
37,139
38,138
41,138
37,138
38,137
41,136
38,138
38,139
37,137
38,136
40,138
37,138
38,138
38,139
37,138
42,138
38,137
38,139
37,138
38,138
42,137
37,138
40,138
38,140
42,137
37,136
42,138
38,137
37,138
37,137
37,136
38,138
41,138
42,138
41,138
38,138
38,138
43,138
38,138
38,137
38,137
38,137
37,136
40,141
37,138
38,136
40,139
37,136
37,136
37,140
37,140
37,137
37,138
38,140
38,138
38,139
37,138
40,138
37,138
37,136
38,138
37,136
37,138
37,137
38,139
38,138
38,137
42,137
38,138
40,138
38,138
38,138
38,137
37,137
40,140
40,138
38,138
40,138
37,138
38,136
38,140
38,136
38,136
37,138
37,136
37,138
37,139
38,138
38,138
38,138
38,137
37,138
38,138
40,138
38,138
38,138
37,137
37,143
38,138
37,138
37,138
37,138
38,138
38,138
41,138
42,138
37,136
38,140
41,137
38,138
42,138
37,137
42,138
38,138
38,138
38,140
42,137
38,138
37,138
37,137
41,140
38,140
38,138
37,135
38,138
41,137
40,138
38,138
38,138
40,138
37,138
40,136
37,139
38,137
40,138
40,139
38,136
37,138
38,136
41,138
40,138
41,140
38,138
38,137
37,138
41,139
41,137
37,138
38,137
37,138
38,140
38,138
42,136
38,137
40,136
37,136
38,140
38,136
38,136
42,138
37,137
38,138
41,138
38,137
38,137
37,138
42,139
38,138
42,137
38,137
38,137
42,138
37,139
38,136
37,137
38,135
38,139
38,138
38,136
41,138
38,140
40,142
41,138
42,137
37,136
37,138
38,138
42,136
38,138
43,138
37,140
42,138
42,138
37,137
38,136
37,139
37,139
37,140
41,137
38,139
40,138
38,137
38,140
42,139
38,137
42,135
42,138
37,136
42,138
37,138
38,139
37,139
37,138
40,137
41,138
38,138
38,138
37,138
41,138
38,138
37,138
43,139
41,139
41,136
38,138
38,140
37,140
38,138
38,138
41,139
38,139
38,137
40,137
41,140
37,140
38,137
37,138
38,140
40,138
37,138
41,138
37,138
38,138
37,138
38,138
38,138
41,136
38,138
38,138
40,138
41,138
42,140
40,139
37,137
42,137
38,138
38,137
38,137
41,138
37,138
42,136
38,137
38,137
38,138
42,137
41,141
40,140
38,137
42,138
37,136
38,137
41,138
38,137
42,138
37,140
37,137
40,140
37,137
37,138
37,136
42,138
40,141
42,137
38,138
37,136
37,136
38,139
37,138
37,138
38,138
42,136
40,139
38,139
38,138
38,139
37,137
37,136
37,140
37,140
37,138
38,137
37,137
42,138
42,137
38,136
37,138
38,139
37,138
38,137
38,137
38,138
38,138
38,136
38,137
38,140
37,137
38,140
37,138
42,138
37,137
38,137
37,138
38,138
41,137
38,140
38,139
38,138
38,137
38,148
38,137
41,136
42,139
37,138
38,139
37,137
40,140
38,140
42,136
37,138
40,140
41,136
38,136
38,138
37,139
40,137
37,138
42,138
37,138
40,138
38,142
40,137
37,136
37,138
38,137
42,138
42,138
38,138
37,137
38,138
37,138
37,138
40,137
37,138
38,139
38,138
38,138
37,138
38,138
38,137
38,139
38,138
38,138
38,136
37,140
38,136
40,137
37,138
37,140
37,136
40,138
42,138
37,139
37,139
38,137
37,137
42,138
38,138
38,139
37,138
37,136
42,137
38,136
37,140
38,137
37,137
38,139
38,138
37,138
38,136
38,141
37,138
42,138
41,136
37,140
38,138
38,137
42,140
37,139
38,139
41,136
40,140
38,136
37,136
37,138
38,137
37,139
38,139
37,136
38,139
42,138
37,137
37,137
41,137
37,140
38,136
42,138
37,140
38,138
41,138
38,138
42,135
37,138
38,140
42,136
38,140
38,137
38,138
42,138
38,137
37,138
38,139
40,137
38,138
40,138
41,137
38,138
37,138
38,138
37,135
37,135
38,139
37,137
42,139
38,138
38,137
40,138
37,136
37,137
37,139
43,140
38,137
40,138
37,137
42,137
38,138
38,138
38,138
38,141
40,137
37,139
42,138
37,138
38,138
38,138
37,135
39,139
37,138
42,140
37,139
38,137
38,136
38,141
38,138
42,136
42,138
37,138
37,137
38,137
37,138
37,136
38,136
37,141
38,139
38,138
37,138
41,138
38,139
38,138
41,137
37,140
40,137
38,138
42,138
38,143
43,138
40,137
41,138
37,138
38,140
42,137
37,137
37,138
41,137
38,137
38,136
37,137
38,138
38,139
38,138
38,139
37,136
37,139
37,138
38,140
40,138
38,138
41,136
42,140
38,140
37,138
37,139
40,137
38,139
37,137
42,138
40,138
42,137
37,138
41,138
37,136
42,138
37,136
37,140
38,138
37,137
37,137
37,138
41,136
38,139
38,138
42,138
37,142
40,136
38,138
38,137
42,140
40,137
42,136
37,138
38,137
41,139
40,137
41,138
38,136
38,136
41,136
40,138
38,138
40,138
38,138
43,137
38,141
41,136
41,136
37,139
38,138
43,137
37,138
37,138
40,139
38,138
38,140
37,138
38,138
37,137
37,137
37,137
40,137
37,136
38,137
41,146
37,139
38,136
40,138
37,137
37,138
37,138
38,138
37,138
38,137
38,138
37,137
38,136
38,138
38,138
38,139
38,139
38,138
40,138
37,137
38,138
37,136
41,136
38,137
37,138
40,137
40,138
40,138
37,138
38,138
38,137
41,137
37,138
38,138
38,136
41,140
38,136
37,139
40,138
37,136
42,138
38,142
41,137
41,138
37,139
37,138
37,137
38,138
38,137
38,138
37,138
37,136
42,138
37,139
38,137
37,137
42,140
38,138
38,138
41,140
38,138
38,138
40,138
38,137
38,138
42,139
37,138
37,138
38,137
38,136
42,136
38,139
37,138
38,137
37,136
38,137
37,138
38,138
38,137
40,139
38,138
38,139
37,138
38,137
38,136
38,137
41,137
37,139
41,138
42,142
38,137
42,137
37,138
40,138
37,138
37,142
38,138
37,137
37,139
42,139
38,136
40,140
42,136
38,138
38,137
40,138
38,136
38,137
38,137
40,138
37,138
38,138
42,137
37,138
38,137
38,137
42,138
37,138
37,141
38,137
38,136
42,140
38,136
37,138
42,138
37,138
37,138
37,137
38,136
38,139
38,138
37,138
40,137
42,136
37,138
40,137
37,137
38,143
41,136
38,138
37,138
41,140
38,136
42,139
37,138
37,138
42,139
41,137
38,135
38,138
38,138
38,135
37,138
39,138
37,137
38,138
38,136
38,140
41,136
38,139
38,138
42,136
38,139
42,138
37,136
38,135
38,138
37,140
38,138
37,136
37,138
37,138
38,136
38,138
37,139
41,137
41,138
41,139
38,138
38,137
41,138
37,138
37,138
38,137
38,136
38,138
38,139
42,138
37,139
37,140
38,138
40,138
38,139
39,139
42,136
38,137
38,140
38,140
38,138
37,142
41,138
38,139
42,136
38,138
37,138
42,138
42,139
37,138
42,138
38,138
42,138
38,137
40,136
38,136
37,137
38,137
42,138
41,137
37,138
38,138
38,138
38,138
40,137
37,137
38,139
38,139
42,138
38,138
41,138
42,137
38,136
38,140
38,137
38,135
38,138
42,137
38,138
38,142
37,137
37,137
37,140
42,138
37,136
38,138
37,138
38,147
37,138
38,137
37,137
42,138
38,138
37,135
41,138
37,140
41,138
38,137
37,139
41,138
41,137
41,138
42,138
38,134
37,140
37,137
42,139
38,139
38,137
37,138
38,138
37,136
37,138
38,137
40,139
38,140
40,136
41,137
37,139
40,137
38,136
37,137
37,140
38,138
38,138
38,138
40,138
37,137
40,137
37,138
38,138
38,140
37,138
37,138
38,136
38,140
40,138
42,137
37,138
41,140
38,137
38,138
37,140
38,139
38,136
38,139
38,138
38,138
37,137
38,138
38,140
38,142
37,138
38,141
37,137
38,137
38,137
38,136
37,140
38,136
38,139
42,139
37,138
38,138
38,138
38,136
38,136
37,138
37,140
38,138
41,138
38,138
38,136
38,138
38,138
38,137
37,138
38,139
37,136
37,137
38,140
37,137
38,137
38,138
40,138
37,138
40,140
38,137
38,138
41,138
38,139
41,137
38,137
41,139
38,138
37,136
41,140
38,138
38,138
37,137
37,138
37,141
37,137
38,138
38,138
43,138
38,136
42,140
38,138
40,139
42,136
38,142
37,137
38,138
37,139
37,138
38,136
37,140
37,138
38,138
38,138
41,137
42,138
42,137
38,137
38,138
41,138
38,142
41,137
38,137
38,137
38,137
38,137
37,138
37,138
38,138
38,138
37,140
38,137
38,138
38,138
40,140
40,136
42,142
37,139
38,146
38,136
42,140
38,136
37,137
38,137
38,137
41,136
37,136
41,140
37,140
38,138
38,136
38,136
38,140
40,138
38,140
38,138
40,138
37,137
38,137
38,137
38,138
40,137
38,140
37,138
42,137
38,138
40,138
37,138
38,138
38,137
38,138
37,138
40,136
37,136
40,137
38,138
40,138
40,137
37,138
42,138
37,140
38,140
42,138
38,138
38,137
38,140
38,138
37,139
37,139
40,137
38,137
38,138
40,139
40,138
37,137
42,136
38,140
38,137
40,138
37,136
37,138
38,137
40,139
41,136
38,137
42,138
38,138
41,138
40,139
42,146
38,138
41,138
38,138
37,138
41,137
38,137
38,138
38,138
40,138
37,138
38,138
37,137
42,139
38,140
42,138
38,138
37,137
37,140
42,138
38,137
38,136
37,139
38,136
37,138
38,139
38,138
38,136
42,137
38,138
38,138
38,138
42,137
41,140
37,136
42,138
41,136
42,137
37,136
38,138
37,138
37,137
38,138
37,138
38,138
41,140
38,136
37,138
37,138
41,136
41,138
41,138
38,137
37,137
37,138
42,142
38,137
38,136
40,138
37,138
38,136
38,140
37,139
42,138
37,138
42,139
41,138
37,141
37,140
38,137
38,138
38,137
38,137
38,140
37,138
38,137
38,137
41,140
42,140
38,138
38,136
38,139
38,138
42,137
37,138
41,136
40,140
41,138
38,137
37,138
41,139
42,138
37,137
38,136
41,138
38,138
38,137
41,138
38,138
41,138
38,139
41,138
37,138
38,137
38,138
38,140
38,137
38,138
37,138
37,138
38,137
38,138
40,136
41,141
39,138
37,138
38,140
37,139
41,138
41,136
38,138
38,138
41,138
37,139
37,139
38,18446744073709486217
38,139
37,137
38,181
41,138
38,136
38,137
42,138
37,139
40,137
37,137
37,136
38,137
37,139
37,140
41,136
41,139
38,138
43,138
41,138
38,138
42,138
42,136
38,140
38,138
42,136
37,137
38,136
41,139
38,138
37,138
37,136
38,137
37,138
37,140
38,139
41,18446744073709486218
37,140
37,136
38,138
37,140
40,140
42,139
37,139
42,138
37,138
38,137
41,136
41,138
41,138
38,140
37,137
37,140
42,137
41,138
38,138
37,138
38,137
38,138
38,138
38,139
38,138
42,138
38,137
38,136
40,137
18446744073709486118,137
37,140
37,137
37,140
38,137
38,136
37,136
42,137
37,139
37,140
38,136
38,136
41,140
37,138
40,138
40,137
38,137
38,137
37,136
40,136
38,138
37,142
42,137
38,140
41,138
37,137
38,138
37,138
37,138
38,138
38,136
38,137
38,138
38,138
38,138
38,137
38,136
38,138
38,139
37,138
38,139
38,139
37,139
37,138
38,139
38,137
38,138
37,139
38,137
38,138
42,138
41,137
42,139
38,137
40,136
37,140
37,138
38,138
38,139
38,138
37,140
41,138
38,137
42,138
42,138
38,138
37,136
41,143
38,140
37,138
40,140
37,139
42,138
40,137
38,137
38,138
39,137
38,137
38,138
37,139
41,139
38,138
38,136
38,137
41,140
38,139
42,138
38,138
37,139
37,137
38,140
38,138
38,137
38,137
37,137
37,138
38,140
42,138
37,137
37,137
41,137
41,139
38,139
37,136
40,137
41,139
40,140
37,138
38,140
38,137
38,137
38,139
40,136
41,138
38,139
41,137
38,139
38,138
37,138
38,137
42,138
38,137
37,138
37,137
41,138
38,142
38,138
37,138
42,140
41,139
38,138
41,137
38,136
38,138
42,138
38,138
43,138
37,138
40,138
37,141
38,140
40,138
40,137
38,141
37,138
38,137
38,137
37,138
37,140
38,137
38,137
37,138
37,140
37,138
37,137
38,140
42,138
38,140
38,138
38,139
38,138
38,136
38,138
42,138
38,138
38,138
38,140
37,138
37,137
38,137
38,138
40,138
41,140
43,138
38,136
41,139
42,135
38,137
38,136
38,143
37,138
38,138
37,137
38,140
38,139
38,138
38,138
41,141
38,138
37,137
37,138
42,138
37,136
38,138
37,140
37,136
38,137
41,140
38,140
37,137
37,136
38,136
37,137
38,137
38,138
37,143
41,138
42,139
37,138
38,138
38,139
38,138
38,137
38,138
38,139
18446744073709486118,137
41,137
38,140
38,138
38,137
37,138
37,137
37,136
38,137
40,138
38,138
37,138
42,137
38,135
41,140
37,136
38,136
38,139
41,136
37,140
37,137
37,137
38,137
40,138
38,140
40,138
37,139
38,137
37,138
42,138
42,141
37,138
38,136
38,137
38,138
42,140
41,141
40,137
42,137
37,138
38,138
37,138
37,135
38,138
42,138
37,138
38,139
37,138
37,138
37,138
37,143
41,137
38,138
37,135
38,135
38,137
43,138
37,138
37,138
38,136
38,138
40,138
40,139
37,137
37,137
42,138
37,137
38,138
40,141
38,136
37,138
41,138
38,141
38,138
42,137
37,136
37,137
37,137
37,142
40,138
38,137
38,139
37,136
38,139
40,138
38,139
38,137
42,138
37,138
38,136
38,140
37,137
40,137
37,140
38,139
37,140
42,138
37,138
38,141
40,137
38,140
41,138
42,138
38,138
37,140
38,138
38,138
37,136
38,138
38,138
41,140
38,138
38,138
37,138
38,140
38,138
38,136
38,135
42,139
41,136
38,136
37,140
38,138
41,138
37,137
37,138
37,138
38,136
38,139
41,138
38,138
37,140
37,137
37,137
41,137
40,138
38,139
38,140
37,138
38,137
38,142
41,138
40,138
38,136
37,138
41,139
38,140
42,139
37,138
42,138
38,138
41,138
38,138
37,138
40,138
38,136
38,138
37,139
37,138
38,137
38,138
38,137
41,138
37,139
38,138
41,137
37,139
42,138
38,138
38,140
38,137
38,136
37,136
41,138
38,142
38,140
40,136
38,136
38,135
38,138
42,141
37,140
41,138
38,140
38,141
38,137
38,138
42,139
38,138
41,137
37,138
41,140
37,138
38,140
40,136
37,137
37,139
40,145
38,139
41,136
42,137
37,139
37,138
38,137
38,138
38,138
40,137
37,138
37,138
37,139
38,138
42,138
38,141
42,137
41,138
40,136
42,138
42,140
38,140
41,138
42,138
37,138
38,137
42,136
38,137
37,138
38,138
40,136
37,138
40,137
40,138
38,138
38,138
37,139
38,137
37,136
38,139
38,138
38,140
38,138
41,135
38,138
38,138
38,139
37,138
37,137
42,138
41,139
40,138
37,137
38,138
40,139
40,138
37,138
37,138
38,138
38,137
40,139
38,137
38,140
40,136
38,140
38,137
37,138
38,138
41,138
38,137
41,138
42,138
38,138
40,142
41,140
42,138
37,138
42,139
38,140
42,138
38,138
38,138
37,136
38,137
37,136
38,136
42,137
38,138
38,140
41,138
42,138
38,140
37,138
40,140
38,138
42,138
37,138
37,136
37,137
42,138
40,136
42,137
37,139
37,140
38,137
42,138
42,140
38,140
38,138
41,137
42,138
41,138
38,138
37,137
38,138
38,138
37,137
37,138
37,138
38,139
38,138
40,137
38,138
38,137
37,138
37,139
37,138
38,139
38,138
42,136
37,138
40,138
38,138
38,138
37,140
41,142
37,137
37,137
38,138
41,142
38,137
41,137
42,140
42,138
38,138
38,138
42,136
37,143
37,138
38,138
37,138
38,138
38,138
37,138
37,138
38,137
37,137
38,138
38,138
38,140
37,136
38,138
37,137
38,138
40,138
37,138
37,138
37,142
38,137
38,140
42,138
38,140
42,137
38,138
37,137
38,138
37,136
38,139
38,140
38,138
40,140
37,137
38,138
38,138
38,138
38,138
38,138
38,138
37,137
38,140
40,138
42,136
41,137
37,138
38,138
43,136
38,138
37,138
42,137
42,138
38,138
41,140
37,137
37,138
38,138
37,138
37,140
42,138
38,138
38,138
40,138
43,138
40,139
38,137
38,138
37,139
38,140
41,138
38,140
42,138
37,138
37,138
38,138
38,142
38,138
38,138
40,138
37,143
38,138
38,137
43,138
42,141
37,145
38,141
41,138
38,137
42,138
37,138
38,138
37,136
41,138
37,138
42,138
37,138
37,141
38,141
38,139
37,138
41,137
42,139
38,138
38,138
42,137
41,138
41,138
38,143
37,137
37,137
42,138
38,138
41,140
38,136
38,137
38,137
37,138
37,138
38,138
41,138
38,137
38,138
42,137
37,138
38,140
38,138
37,139
37,137
38,140
38,139
38,138
38,138
37,139
40,138
38,137
41,136
38,136
41,140
37,138
42,138
38,137
38,140
38,138
38,138
41,138
38,138
38,138
37,137
38,138
40,143
41,138
38,138
38,137
38,137
38,138
38,142
38,138
37,138
38,137
38,137
38,138
38,138
38,138
37,139
38,137
37,140
37,137
42,136
38,140
42,137
38,139
38,136
38,139
38,137
37,136
42,138
38,139
37,141
42,136
42,139
37,137
42,137
40,140
37,138
41,138
40,137
38,137
37,138
37,139
37,137
37,138
41,139
38,138
42,137
38,137
37,138
42,135
38,139
37,138
38,138
37,138
41,143
38,138
42,138
42,139
37,139
42,137
37,139
41,138
38,140
37,138
37,138
37,138
42,138
38,140
38,140
38,139
40,138
41,136
37,141
38,139
37,139
41,138
41,136
41,137
37,138
42,138
37,136
38,139
37,137
41,137
42,138
38,140
37,140
37,138
38,138
38,137
37,136
42,138
38,141
37,138
37,138
39,138
38,139
37,137
38,137
42,139
37,136
41,138
38,138
38,138
38,138
37,138
38,138
38,138
37,138
40,138
38,138
38,137
38,137
38,137
37,138
37,138
38,139
38,140
37,137
37,138
38,138
37,137
38,139
42,140
37,137
38,137
42,139
38,139
38,138
42,136
38,140
41,138
37,138
38,138
38,137
43,136
38,140
38,139
38,140
38,138
37,138
38,139
42,138
38,136
37,139
38,137
38,138
38,138
38,137
38,138
41,139
38,138
37,137
37,138
42,136
37,136
37,140
37,139
37,137
37,138
37,140
37,138
38,137
37,136
37,138
38,138
37,141
37,138
38,140
37,136
38,138
38,139
38,136
38,137
37,139
37,140
38,137
42,137
37,140
40,138
37,138
38,136
42,137
41,138
37,137
38,138
37,136
37,138
38,138
38,137
37,136
37,138
37,137
37,138
37,138
37,138
38,139
38,137
38,138
38,138
38,140
42,138
37,18446744073709486217
37,138
41,138
38,138
37,138
37,140
38,138
38,137
37,138
37,138
41,136
37,139
40,140
41,137
38,138
37,139
37,139
38,137
42,137
37,142
37,136
37,139
38,137
38,137
42,139
38,136
38,140
38,137
38,137
38,135
38,137
37,138
38,138
38,139
38,137
38,137
38,138
40,138
38,138
42,140
37,138
37,139
38,136
38,138
38,138
38,140
37,140
38,140
38,138
38,136
38,140
37,138
38,136
42,138
42,138
40,138
38,138
37,138
37,138
41,138
43,139
37,136
38,137
38,138
38,139
38,140
37,139
38,136
37,138
38,138
42,138
38,138
38,138
41,137
38,141
38,138
38,139
38,138
37,143
37,138
37,137
42,140
42,140
38,138
40,135
39,138
38,139
42,138
38,136
38,138
37,138
38,138
38,138
41,137
37,142
38,138
37,138
40,136
41,138
41,140
42,138
38,138
42,139
37,140
38,137
37,138
38,138
42,138
38,140
37,138
38,136
40,138
39,138
37,138
38,136
38,139
38,138
41,139
38,138
41,138
38,139
41,138
37,137
41,138
42,138
38,138
37,137
40,140
38,136
41,138
42,138
38,138
41,139
38,137
38,136
38,138
42,136
42,138
42,139
38,138
37,136
38,138
37,139
38,138
37,138
42,138
37,137
37,138
40,140
38,136
38,136
37,138
37,138
42,138
41,137
41,139
38,142
42,137
37,137
37,138
38,138
37,138
38,138
40,137
37,138
38,138
40,138
38,138
40,138
41,139
38,141
37,138
37,135
41,138
41,140
38,137
42,138
38,139
38,141
37,137
38,138
38,138
38,137
37,138
37,141
40,136
38,137
43,138
38,137
37,138
42,140
38,140
41,137
41,140
41,139
38,140
38,138
38,138
38,139
37,138
37,137
37,140
37,142
42,136
38,138
38,138
41,135
40,138
38,140
38,140
42,138
41,138
41,140
42,137
38,138
37,139
41,139
38,140
37,138
38,138
37,142
42,137
37,138
41,138
38,138
38,138
38,136
40,138
38,141
37,138
38,138
42,138
37,143
38,138
37,138
38,138
38,141
37,137
37,138
41,136
38,138
42,138
38,138
38,137
38,135
38,137
38,141
41,140
37,137
37,137
42,138
42,137
37,138
38,138
38,137
38,138
38,139
40,138
38,138
40,136
38,143
37,138
38,138
38,137
38,137
37,138
37,138
37,138
37,137
40,137
38,140
42,146
38,139
37,138
37,138
42,138
37,139
38,138
37,138
37,138
38,137
37,138
38,137
42,138
37,138
40,138
37,138
38,139
37,139
37,138
18446744073709486121,138
38,139
38,139
37,138
37,143
38,138
37,136
37,139
37,136
38,138
41,138
37,138
37,137
38,139
38,138
41,138
38,138
41,137
41,136
40,138
38,137
37,140
38,137
42,138
40,135
41,140
42,136
41,139
38,138
42,137
38,138
40,139
38,139
37,138
37,137
41,138
42,138
38,140
41,138
38,137
38,139
37,136
37,140
38,137
41,137
37,138
37,140
37,138
38,135
38,138
38,138
38,137
38,137
38,139
41,139
38,140
42,138
38,135
37,139
42,138
38,137
43,138
37,138
41,138
38,140
38,138
37,136
37,139
42,138
38,136
40,138
38,138
42,140
37,137
38,138
40,137
38,138
38,139
40,140
38,137
37,138
41,138
42,137
41,138
38,136
38,138
38,143
40,138
37,137
37,138
37,138
37,137
37,137
37,138
38,136
37,138
37,142
38,138
37,139
38,138
43,140
37,137
37,136
37,138
37,143
38,136
37,137
38,138
38,139
38,138
38,137
38,138
38,140
38,138
42,140
38,137
37,138
38,139
42,136
38,138
41,138
38,138
38,138
38,138
38,137
38,138
42,138
38,138
38,137
38,137
38,138
38,136
42,138
42,138
37,137
41,137
41,138
37,139
38,137
37,140
38,138
38,140
38,139
43,138
38,136
38,138
37,137
38,138
38,138
38,136
38,136
37,138
42,137
41,138
42,140
38,137
38,138
37,138
37,139
37,138
40,138
40,139
38,138
38,138
43,136
37,138
42,138
41,139
41,136
38,136
38,142
37,138
38,139
42,137
38,137
38,140
37,138
42,138
42,138
38,136
38,141
38,136
37,140
42,138
40,138
38,138
38,139
42,138
38,137
37,139
38,140
41,139
37,140
42,138
38,138
37,140
38,138
38,140
38,137
38,138
42,138
41,138
37,139
37,138
38,137
38,139
37,139
42,137
41,136
37,139
38,139
38,138
40,136
42,140
41,140
38,138
38,137
38,138
42,138
38,138
37,140
38,137
38,138
38,138
38,138
41,138
41,139
38,139
38,139
37,137
37,139
38,138
37,148
37,137
38,137
40,138
38,138
37,140
38,140
40,138
38,136
37,136
38,139
41,140
37,138
38,138
37,138
38,137
37,138
41,138
37,139
37,138
38,142
38,138
37,138
41,139
38,136
38,140
38,138
37,138
41,138
40,137
37,136
38,138
38,138
38,140
37,137
38,137
38,139
38,138
38,141
38,140
37,137
38,138
40,139
37,138
38,138
40,137
38,136
38,140
37,138
37,138
42,139
38,136
37,140
42,140
40,139
40,138
38,136
40,139
41,137
40,136
38,138
38,138
43,141
37,137
38,138
38,138
37,140
38,137
38,142
37,140
40,138
38,136
38,138
40,138
37,137
38,138
38,138
38,140
42,137
37,137
37,138
37,140
38,137
38,136
38,138
42,138
38,142
37,137
38,138
37,137
38,138
37,140
38,139
42,140
38,138
37,138
37,143
37,137
38,140
37,140
40,138
38,138
42,137
37,137
42,138
38,139
41,138
38,136
41,141
38,139
41,140
38,138
38,137
38,140
42,140
37,139
38,138
42,138
37,136
37,138
37,139
37,138
38,137
37,138
38,143
40,137
38,136
37,138
38,139
41,137
38,135
42,138
38,138
43,138
40,137
37,138
38,135
42,140
42,138
43,138
37,142
38,138
38,138
37,138
40,138
38,139
38,138
38,138
37,139
37,140
37,138
41,137
42,138
41,136
38,140
41,138
38,138
38,137
38,138
38,138
38,139
37,138
37,138
37,137
38,140
37,136
38,18446744073709486220
39,137
37,137
37,138
38,138
41,140
38,137
38,136
38,138
38,138
43,140
37,138
42,138
38,140
37,139
41,140
38,136
37,136
38,138
38,138
41,140
40,138
38,140
37,137
38,136
38,138
38,136
38,138
41,138
38,138
38,138
38,138
38,136
42,137
38,142
37,136
37,140
38,137
38,137
37,138
41,138
42,138
37,139
38,136
40,138
41,140
42,138
40,136
38,138
40,138
42,137
37,138
42,138
37,138
37,137
37,137
37,136
37,137
41,142
37,138
38,137
38,137
38,138
38,136
42,139
38,138
37,138
41,137
37,138
38,136
38,138
40,140
38,138
42,136
41,139
38,138
37,138
38,138
38,138
40,138
38,137
38,137
41,140
37,138
37,138
43,140
38,137
38,138
38,138
37,137
37,138
37,137
42,137
38,137
39,138
37,137
37,137
43,137
42,138
42,138
42,136
42,140
38,138
38,138
41,138
37,136
37,137
37,138
38,138
38,136
37,137
37,137
38,137
42,137
42,138
38,138
38,140
38,138
38,136
38,138
37,142
43,138
37,138
38,137
38,137
37,137
37,139
37,140
40,136
38,139
38,140
38,137
38,140
38,138
38,135
42,138
38,140
40,138
37,138
38,138
42,141
41,137
38,138
37,138
38,138
38,138
38,138
37,138
38,138
42,138
38,140
41,137
38,137
37,139
41,138
42,138
38,138
37,137
38,138
41,138
42,138
38,138
38,139
37,137
37,138
37,137
38,138
37,139
42,138
37,138
38,138
38,138
37,138
38,140
42,139
38,137
42,137
42,138
38,140
41,139
38,140
38,137
37,138
41,138
38,138
42,137
37,138
37,136
38,140
37,140
38,140
37,138
41,138
38,140
42,137
38,136
38,139
38,139
37,137
41,138
42,138
38,138
39,140
37,138
42,136
37,138
38,138
37,140
38,137
37,136
42,137
41,138
40,139
38,136
37,140
38,138
38,138
42,138
42,138
42,137
40,140
41,140
41,136
37,137
37,140
42,137
38,138
37,139
40,138
42,136
38,139
38,138
42,138
37,138
38,140
38,136
42,136
40,137
38,140
43,137
43,138
38,138
42,138
38,139
37,136
41,138
38,138
38,143
38,137
38,137
38,138
38,136
37,140
38,138
42,137
37,138
42,137
37,138
37,140
40,137
38,138
38,138
42,138
37,138
37,136
41,139
42,139
37,138
42,139
41,136
37,140
38,138
38,138
38,143
42,138
37,138
41,138
41,140
42,138
38,138
41,136
37,135
37,138
38,138
37,138
41,138
41,139
38,140
38,138
37,136
41,138
38,137
41,139
38,140
42,139
42,139
38,136
37,142
37,140
37,137
41,138
38,138
41,138
37,138
38,138
40,137
38,138
37,137
37,138
42,140
41,138
37,138
38,136
38,138
37,140
37,137
40,139
40,140
38,138
41,139
37,138
38,138
37,140
38,138
38,140
37,139
37,136
38,137
37,138
37,138
42,138
37,136
38,140
38,139
38,137
37,138
41,138
40,140
38,138
37,138
42,139
41,136
43,139
38,139
38,140
37,140
37,137
37,137
37,147
37,138
38,138
41,138
41,138
42,139
40,138
40,139
39,138
37,140
37,138
38,137
41,138
38,137
41,138
37,138
38,140
38,138
38,136
37,138
38,137
40,142
37,139
38,136
37,140
42,138
37,137
37,138
38,138
42,140
37,137
41,138
38,138
41,135
37,138
38,139
38,137
42,137
37,138
37,138
38,138
42,138
37,137
38,139
41,139
38,140
38,138
41,138
37,138
40,136
41,138
38,137
42,137
37,143
37,137
41,139
38,139
41,138
37,137
38,138
37,138
38,140
43,137
38,138
38,139
37,136
37,140
38,138
38,137
38,138
41,138
40,140
40,137
40,137
41,139
40,136
40,139
38,138
37,137
38,141
40,139
41,138
38,138
40,138
42,135
40,138
38,138
37,137
38,137
37,137
37,136
38,137
37,135
37,138
38,139
37,138
42,138
40,142
37,138
42,138
38,139
42,138
38,136
38,138
37,140
41,137
37,135
38,140
37,140
37,137
40,135
38,138
38,136
37,138
37,138
42,138
41,140
38,137
38,136
38,136
37,138
37,141
38,139
38,137
41,138
38,140
37,138
38,138
38,138
37,138
37,137
38,138
40,139
40,138
38,137
40,141
40,140
37,137
38,138
37,139
37,138
37,136
41,138
42,138
38,138
37,138
37,137
37,138
37,138
38,137
38,136
38,138
40,138
37,139
41,137
38,138
37,138
38,141
38,137
37,137
38,138
38,136
37,139
37,138
41,137
38,138
38,138
38,138
38,138
38,140
38,140
38,138
38,138
38,140
42,137
40,137
38,136
40,138
42,139
37,137
38,136
38,136
38,137
38,140
37,138
40,138
38,137
37,143
38,139
37,138
38,137
38,136
38,138
42,139
37,138
38,137
38,138
38,143
37,140
37,136
42,137
37,138
37,136
38,136
38,137
40,138
38,138
38,136
42,138
38,138
37,136
38,138
38,140
37,137
38,138
38,138
37,138
38,140
37,138
38,138
41,136
38,138
38,138
41,137
38,139
42,138
37,137
38,140
41,139
37,142
37,138
40,138
40,138
38,143
41,137
38,141
38,139
38,137
37,138
38,138
41,140
38,140
37,138
41,138
37,138
38,138
37,136
39,140
38,137
37,138
38,138
37,138
38,135
38,138
42,139
37,138
38,138
38,137
42,138
43,137
38,136
38,139
37,137
38,138
38,139
40,138
42,138
38,138
38,140
42,138
37,138
38,140
40,138
41,138
37,138
38,136
38,138
42,139
41,137
38,140
42,138
41,137
37,140
42,137
38,138
42,139
38,136
38,139
37,140
41,138
37,138
37,139
38,138
37,137
38,138
37,139
38,140
38,137
37,140
42,138
37,138
38,137
38,136
38,139
37,138
38,138
37,138
38,138
38,136
41,136
41,139
37,139
37,138
38,137
37,137
38,140
37,137
42,139
42,138
38,137
38,140
38,138
42,137
38,137
41,138
38,136
37,138
40,138
42,137
37,136
37,137
38,137
40,138
38,140
38,137
37,135
41,140
37,138
37,138
38,138
38,138
38,137
38,136
38,140
38,137
38,136
37,138
38,137
38,137
37,141
41,136
38,138
41,137
37,138
38,138
42,137
38,137
42,136
42,137
38,138
40,138
38,137
37,138
42,137
37,138
41,140
38,138
38,139
40,140
42,139
38,137
38,138
42,137
38,136
41,137
41,142
38,138
37,138
38,137
37,136
41,137
38,137
38,138
41,137
38,140
40,137
38,138
38,138
38,138
38,140
38,136
38,137
41,138
37,135
38,138
38,138
42,140
38,139
38,138
37,138
37,138
38,138
43,137
38,138
37,138
42,138
38,140
38,137
38,138
37,137
40,138
38,140
37,138
42,143
37,137
37,138
38,140
37,137
37,139
38,137
38,136
42,138
42,137
37,138
37,138
42,140
38,137
38,138
40,136
37,138
37,139
38,138
37,138
38,137
38,139
38,137
37,138
40,143
38,138
41,139
37,137
38,138
37,138
38,138
38,140
37,137
38,139
43,137
41,138
37,138
42,138
37,140
38,138
37,139
38,138
40,137
38,140
40,137
38,138
38,138
37,136
37,138
38,136
43,138
38,137
37,138
38,136
38,136
37,138
42,138
38,140
41,138
37,138
37,138
38,137
41,138
38,138
42,138
40,18446744073709486217
37,138
38,138
38,138
38,138
37,138
38,140
38,137
38,140
38,138
37,137
42,138
37,138
42,139
38,137
42,140
38,137
37,140
40,140
37,139
37,138
40,139
40,140
37,138
37,138
38,138
37,136
42,137
38,136
37,139
37,138
40,143
38,137
38,138
38,138
37,138
41,137
37,138
38,138
38,138
41,18446744073709486218
38,138
42,140
38,137
41,138
43,138
37,138
42,142
38,138
42,140
37,137
38,138
38,138
38,137
38,136
38,139
41,138
42,139
38,139
37,138
37,140
40,139
38,138
42,138
38,138
37,143
40,138
42,139
38,137
37,138
37,137
37,142
38,137
41,143
38,139
37,137
41,140
37,138
38,138
37,137
37,138
38,138
42,139
37,143
37,140
42,138
41,136
37,141
38,140
37,141
38,140
38,136
37,139
38,140
38,138
40,138
38,138
38,140
38,140
42,142
38,138
38,138
37,138
38,138
38,138
38,141
38,138
38,137
42,138
38,136
38,139
41,142
42,138
37,137
38,137
43,138
42,136
39,140
38,138
38,138
40,138
38,138
41,140
42,138
38,136
37,137
38,137
37,138
38,138
38,138
38,137
38,141
40,139
37,138
38,137
38,135
42,140
42,140
38,137
42,136
38,140
37,140
38,140
38,138
42,138
37,137
37,140
38,143
37,140
40,138
38,137
38,142
43,139
37,138
38,138
37,138
38,140
38,142
37,138
37,138
38,136
37,138
41,140
37,138
40,137
40,138
37,138
41,140
38,138
37,138
37,138
38,140
37,137
40,137
38,139
37,138
38,139
41,138
38,138
38,140
37,138
38,140
37,137
40,138
37,140
38,141
42,139
37,138
37,138
38,140
42,140
41,138
37,138
38,138
38,140
38,140
37,138
38,138
37,136
42,139
38,140
40,142
42,138
38,138
42,137
38,18446744073709486220
42,140
37,138
42,134
38,138
42,140
38,138
37,138
38,139
38,138
38,140
37,140
37,137
37,137
38,138
38,138
41,143
37,136
38,137
37,138
38,140
38,138
37,138
37,138
38,136
38,140
42,138
37,139
37,138
37,138
38,139
37,138
42,139
40,138
41,138
38,137
37,138
37,138
37,138
41,140
38,137
38,138
37,142
37,136
37,138
38,137
40,137
37,138
38,139
37,140
37,137
37,138
38,142
38,136
37,142
38,140
41,136
37,140
38,140
38,140
38,136
37,137
41,138
42,139
38,138
37,137
38,136
42,138
42,141
38,139
40,137
37,138
42,140
38,138
42,141
38,140
37,137
40,138
37,138
41,138
38,138
42,138
38,18446744073709486223
37,140
42,138
37,137
37,138
38,138
38,139
38,138
42,137
41,140
37,138
38,138
40,136
38,138
42,143
41,138
38,140
38,138
37,142
42,138
37,138
38,137
38,138
37,140
37,139
40,138
40,137
38,138
42,138
43,139
37,138
37,135
42,138
37,140
37,140
38,137
37,138
42,140
38,136
42,137
41,139
38,140
42,138
37,139
38,136
42,138
38,138
42,138
37,141
38,138
37,138
38,140
40,141
38,139
41,138
37,138
38,137
41,139
37,137
38,137
42,140
38,135
37,140
38,137
38,138
38,138
38,139
38,137
37,137
38,139
38,136
37,135
38,138
38,137
42,140
37,138
38,137
37,138
42,139
37,138
38,140
40,138
42,137
38,137
37,139
38,138
38,138
37,137
37,136
38,138
38,142
38,137
37,140
41,138
37,138
38,140
43,140
38,140
38,138
38,137
38,136
41,138
38,136
38,138
37,138
41,137
40,138
37,140
38,140
38,140
37,136
37,137
37,137
42,139
38,137
38,138
37,138
42,138
38,138
38,18446744073709486218
37,138
41,138
42,137
38,136
37,139
42,138
41,137
40,138
38,137
38,139
37,137
38,138
40,140
42,140
37,138
42,137
38,138
43,140
40,138
41,138
42,139
38,137
37,138
37,139
38,138
38,140
38,137
38,139
37,138
38,140
41,138
37,140
38,138
37,136
38,140
42,140
38,140
37,138
38,136
38,140
37,140
37,138
38,139
41,138
37,139
40,138
38,139
37,138
38,138
37,136
39,139
37,138
37,138
43,138
42,142
38,138
38,138
38,137
37,138
42,138
37,136
37,140
37,138
41,136
38,138
38,140
41,140
41,138
37,136
38,139
38,142
38,138
38,137
38,138
42,138
38,138
38,137
38,140
38,138
38,137
41,138
37,140
38,140
37,137
37,136
37,136
38,143
38,139
42,138
38,137
37,138
38,140
42,138
38,138
38,138
38,139
38,141
38,140
38,138
41,138
38,143
38,138
38,137
37,137
42,140
42,139
38,137
41,138
42,140
38,139
37,136
42,137
38,138
41,138
38,143
38,138
38,137
37,138
42,137
42,139
40,137
37,137
37,139
38,138
38,138
40,140
38,138
38,139
38,137
38,139
37,140
38,137
38,138
37,137
37,138
41,138
37,137
38,137
41,140
41,138
38,138
38,140
38,138
38,140
41,140
37,136
38,140
38,137
37,137
37,138
38,141
37,138
42,136
37,137
38,137
38,139
42,137
37,136
37,138
37,140
40,138
37,137
37,141
42,140
38,137
42,138
38,139
37,136
37,138
37,138
38,142
38,136
38,138
37,140
37,137
37,137
38,138
42,138
38,138
38,139
38,138
37,138
37,140
38,136
38,138
38,139
38,138
37,138
41,137
37,138
38,136
38,139
37,140
37,138
37,138
38,139
40,137
41,137
42,136
38,139
38,138
38,138
38,141
38,138
38,137
42,136
38,139
38,138
37,140
37,137
38,138
38,138
38,137
37,138
38,136
38,146
37,139
38,137
37,136
41,137
40,138
41,138
38,138
38,140
41,137
42,138
38,138
38,138
38,138
38,137
38,140
42,140
38,136
41,138
40,140
38,138
37,138
38,138
38,140
37,140
37,138
38,136
41,140
41,138
37,140
41,139
37,138
38,136
37,138
37,138
40,138
38,138
37,138
40,138
38,136
37,138
37,141
37,138
38,136
38,138
38,139
38,137
38,136
42,140
43,138
38,140
38,142
38,138
38,139
38,136
40,138
38,140
38,138
43,139
38,139
38,137
38,137
38,138
37,136
42,138
42,142
38,138
38,138
38,135
40,136
37,138
37,137
37,138
38,138
38,138
37,138
41,140
42,140
38,138
42,138
38,138
37,140
38,140
38,138
37,137
40,139
38,140
42,138
38,138
38,137
42,138
38,142
40,140
42,139
38,138
41,135
38,138
38,141
38,139
37,143
42,137
37,141
37,139
38,137
37,140
38,139
41,137
38,136
41,137
38,142
37,139
37,139
37,138
42,136
38,139
40,138
38,138
40,138
38,136
37,138
38,140
37,140
38,139
41,137
38,139
37,137
38,138
40,138
38,136
41,139
38,138
42,139
37,137
41,148
38,139
37,140
37,138
37,138
37,136
38,143
37,138
38,139
37,137
37,138
38,137
42,138
41,136
41,141
38,140
42,138
42,137
41,138
38,138
38,138
37,137
37,138
37,138
38,143
38,138
38,138
38,137
37,138
42,140
38,138
38,147
38,140
38,140
37,137
38,140
42,138
41,139
41,139
41,138
38,138
38,138
37,140
37,138
38,138
38,138
37,138
38,140
38,140
41,140
38,138
38,136
38,143
41,138
41,138
38,137
38,137
40,138
38,140
37,138
41,141
38,138
38,137
41,137
37,138
42,138
42,138
38,140
37,138
37,137
38,138
41,138
38,139
37,136
37,137
41,138
38,142
38,137
38,138
38,140
38,138
38,140
37,138
37,138
37,140
42,139
41,138
37,138
38,139
43,138
38,139
37,138
38,137
37,137
42,139
41,138
38,137
38,140
38,138
38,138
40,18446744073709486220
40,139
37,139
38,137
38,138
38,136
41,138
37,139
38,140
43,137
37,138
38,138
38,138
40,138
38,138
42,139
42,140
38,136
38,140
38,138
38,141
37,139
37,137
37,139
38,139
38,137
38,136
38,140
38,138
42,139
37,139
37,138
42,138
42,138
37,140
38,137
40,138
37,138
38,138
42,137
38,138
38,139
37,138
38,138
37,138
37,139
37,141
42,140
38,140
37,140
38,136
38,138
40,140
37,140
42,138
41,138
38,140
38,138
38,139
37,137
37,138
42,136
38,138
38,138
41,138
38,138
38,138
38,138
37,137
38,138
42,138
37,140
37,137
40,139
38,138
42,140
42,137
37,138
38,137
40,139
38,138
40,140
42,139
37,138
41,142
42,138
41,137
38,138
40,138
41,140
41,136
42,137
38,140
37,138
40,139
42,136
38,138
38,137
41,140
38,137
40,139
37,138
38,137
39,138
38,138
42,138
43,138
38,138
42,135
38,137
41,140
37,140
37,138
38,138
40,137
38,137
37,137
37,137
42,140
37,138
41,142
41,135
38,138
37,138
37,138
42,137
41,136
38,139
37,140
38,138
37,138
37,139
39,136
38,137
38,138
37,139
37,137
37,136
38,137
38,137
37,140
37,138
41,138
38,138
38,137
38,137
37,137
37,138
40,139
37,139
42,140
38,140
37,137
38,138
38,140
40,136
38,140
37,138
37,138
37,137
42,140
37,137
42,138
38,137
38,139
37,138
37,137
42,138
37,139
38,138
37,138
38,138
38,138
38,138
43,138
41,139
38,140
37,140
37,138
37,136
37,138
40,140
38,138
42,137
38,139
38,140
37,138
38,137
38,136
38,140
37,138
37,140
38,138
41,136
38,142
37,138
38,138
42,138
38,137
37,139
37,137
38,138
38,141
37,140
37,137
41,137
40,139
37,138
41,143
40,137
38,136
37,140
41,138
38,139
37,137
38,136
37,143
37,140
38,138
38,138
37,138
38,136
41,140
38,138
41,138
38,138
38,138
38,137
41,138
40,138
40,136
41,138
37,136
38,138
37,139
40,136
38,138
37,135
37,138
37,139
37,139
38,138
42,136
38,140
38,140
38,137
37,148
41,136
38,137
42,138
37,137
37,139
40,140
37,138
42,139
41,137
42,137
38,137
37,140
42,138
37,136
38,138
37,138
38,140
39,137
38,137
37,138
38,138
38,139
37,137
38,139
38,137
40,138
37,140
37,140
38,137
38,139
38,137
43,136
37,139
37,138
38,140
38,136
37,140
37,138
38,137
40,138
41,138
38,140
42,138
37,137
37,138
40,148
38,140
38,138
40,139
37,136
37,138
41,138
37,136
38,139
38,136
38,137
38,137
38,136
38,138
37,140
38,137
38,138
37,137
38,136
37,136
38,139
40,138
38,136
37,139
37,138
38,136
38,138
42,138
37,137
38,138
40,137
41,138
37,141
38,137
37,139
42,137
37,137
38,136
37,137
38,140
37,142
41,138
37,138
37,139
37,136
38,139
42,137
38,138
38,136
38,137
37,139
38,139
38,139
38,137
41,136
38,140
42,137
43,139
37,139
37,138
41,140
38,138
40,136
37,137
41,142
37,139
38,139
41,138
38,137
42,138
38,139
38,137
41,138
38,137
42,136
38,138
37,138
41,140
37,138
38,137
37,142
38,138
38,138
42,137
37,137
38,139
41,139
38,137
37,141
38,138
38,138
38,137
37,139
41,140
38,139
38,137
38,138
42,137
40,136
37,140
41,143
37,136
38,138
37,138
37,137
38,138
38,138
43,140
38,138
37,137
37,139
40,137
41,136
38,137
38,139
38,139
40,18446744073709486222
38,138
37,138
41,138
38,138
37,138
42,137
38,138
38,136
38,136
37,138
37,138
41,137
37,138
42,136
38,140
40,143
42,138
37,137
37,136
37,138
38,137
42,138
42,139
38,139
38,138
38,138
41,142
37,138
37,136
37,139
42,138
40,140
37,139
41,139
37,140
38,138
37,135
38,139
37,137
40,138
37,140
38,138
38,140
38,138
38,136
37,137
37,140
38,139
42,137
37,138
38,138
37,138
38,138
42,139
38,139
38,138
40,136
38,137
38,138
39,138
37,138
38,138
37,139
41,137
37,138
38,137
37,137
41,138
41,137
38,140
38,138
37,138
37,137
42,138
41,138
38,140
37,137
38,141
38,137
40,136
37,139
41,136
37,138
38,138
38,137
40,139
41,135
37,139
37,138
37,138
40,140
38,139
38,137
38,142
37,138
40,137
42,138
38,136
39,140
37,139
37,138
37,137
42,137
41,138
41,140
42,138
38,136
41,136
41,140
37,138
42,138
42,136
41,137
37,137
42,137
38,136
37,139
37,137
38,138
40,138
38,136
37,138
42,137
37,138
38,139
37,139
37,140
38,137
38,136
38,137
38,138
42,143
37,136
38,140
41,138
41,136
40,137
43,140
37,138
38,136
42,137
37,137
37,138
37,140
38,139
38,138
37,138
38,136
37,138
38,136
37,138
38,139
40,140
37,137
37,136
42,142
40,140
37,142
38,137
37,137
42,137
38,138
38,138
37,140
41,140
38,137
42,138
38,136
38,139
37,137
41,137
38,137
38,136
38,138
38,140
37,137
38,139
37,138
41,136
37,138
37,138
40,137
37,139
37,138
37,137
38,137
38,137
38,140
38,140
37,140
37,138
42,138
38,139
42,138
37,137
43,137
41,137
37,136
38,138
42,140
37,138
37,139
40,137
38,137
38,137
38,137
37,138
38,142
38,137
38,139
37,139
40,137
38,138
40,139
38,137
40,140
38,139
38,136
37,138
37,140
38,136
38,137
37,138
38,140
38,137
38,137
38,136
38,138
37,139
38,138
42,136
38,137
38,137
41,136
37,140
38,140
42,138
38,138
37,138
38,140
38,18446744073709486218
38,138
38,138
37,138
38,138
42,138
38,137
37,137
40,135
38,139
42,139
41,141
37,137
41,137
38,137
38,137
37,137
37,143
38,136
38,139
41,136
38,136
37,140
38,137
38,140
37,138
38,139
37,136
38,136
38,138
37,137
41,138
37,139
37,137
37,137
41,136
40,139
41,140
38,139
38,136
38,135
38,138
37,138
38,138
38,138
37,136
37,136
37,138
38,137
38,138
41,137
41,138
41,139
38,137
38,139
38,138
38,136
42,137
38,139
37,137
37,136
37,140
40,138
38,136
38,137
38,136
37,138
38,136
37,138
37,139
38,136
18446744073709486117,136
38,136
42,138
42,138
37,139
38,138
38,136
42,136
42,136
38,138
38,136
38,138
37,139
41,18446744073709486218
38,139
37,138
38,136
41,139
38,139
37,136
41,140
37,137
38,138
38,139
38,137
37,139
38,143
37,137
38,139
38,138
38,140
41,140
37,136
37,139
38,138
38,138
38,138
37,136
42,138
38,140
37,138
40,138
37,139
37,139
37,136
37,137
37,142
37,136
41,138
38,137
38,137
41,138
42,140
38,18446744073709486219
37,136
38,140
37,136
38,139
37,138
38,137
37,137
41,138
38,136
38,139
38,138
42,136
38,138
38,136
41,136
37,138
42,138
37,140
38,136
37,140
38,141
38,137
37,138
41,138
42,140
38,138
38,137
38,138
40,138
37,140
41,141
38,137
38,139
37,138
37,138
38,138
40,138
38,137
37,138
38,140
38,140
37,137
38,138
37,140
38,138
37,138
38,138
38,139
40,138
38,137
42,137
37,136
38,137
38,138
38,138
38,137
40,143
42,138
38,138
37,137
37,138
37,140
37,139
38,138
37,136
37,138
37,139
41,138
38,138
37,138
38,138
37,139
38,137
38,140
37,140
38,138
38,139
38,136
37,136
38,137
42,137
38,138
38,137
37,138
42,140
37,137
41,138
38,137
42,136
38,136
38,140
42,137
37,137
37,138
37,138
38,139
40,137
37,136
38,136
42,138
42,140
38,137
37,136
40,138
37,137
37,138
41,139
37,138
38,137
41,139
37,138
37,138
38,138
37,138
37,138
38,135
38,140
38,138
38,138
37,138
38,139
38,137
41,139
38,138
37,136
37,138
38,136
37,138
40,139
38,140
37,137
37,137
40,138
38,136
38,139
37,137
38,139
37,137
41,140
38,138
37,143
38,138
38,138
42,138
40,138
38,138
38,137
41,140
42,138
42,138
37,137
38,138
38,143
38,138
41,143
41,138
37,137
37,137
37,139
38,139
38,140
41,139
37,137
37,136
38,138
37,136
38,136
42,138
40,138
38,138
38,136
37,137
41,137
37,138
40,136
37,137
43,143
42,136
38,139
38,139
37,137
38,139
38,137
38,137
43,138
42,137
37,140
37,137
38,139
38,138
43,138
37,138
40,136
38,136
37,138
38,138
38,139
37,138
38,136
38,138
38,136
38,139
38,138
37,137
37,140
38,138
38,138
43,137
38,142
37,138
38,138
37,136
38,136
38,138
40,139
37,138
37,138
37,136
38,139
37,136
41,138
37,138
40,138
37,138
38,136
37,138
37,136
37,138
37,136
38,137
38,138
37,138
37,137
40,138
40,138
38,138
38,137
42,138
37,138
40,140
37,138
38,136
38,139
37,137
38,137
37,137
38,138
42,138
38,137
38,139
38,138
38,137
37,136
37,138
38,140
38,139
38,142
38,136
38,136
37,138
38,140
38,139
37,138
37,140
38,136
41,138
42,139
37,138
38,137
38,139
37,137
37,137
38,138
41,138
38,138
42,138
42,136
40,137
38,140
38,137
42,136
37,140
38,138
38,138
37,18446744073709486218
38,138
38,140
38,138
37,137
37,138
37,138
38,140
37,136
38,139
40,138
41,137
41,137
37,139
42,136
38,137
41,137
37,139
41,137
37,138
38,140
37,138
38,136
41,136
42,138
37,138
38,139
42,137
38,136
38,137
38,140
37,138
38,137
37,138
37,136
37,136
37,138
37,137
37,138
37,136
41,138
37,138
38,138
37,137
38,136
41,137
38,138
41,138
38,139
38,138
41,137
42,137
38,137
37,138
37,143
37,136
38,139
42,137
38,138
42,138
37,137
38,137
37,139
41,139
41,136
42,141
38,137
42,137
37,139
41,139
37,136
38,136
42,139
41,138
40,142
38,137
40,137
38,138
38,143
37,136
37,141
37,138
42,139
37,138
38,136
38,137
37,138
38,139
42,137
41,140
37,137
38,138
38,139
38,138
39,142
37,137
42,136
37,139
37,138
38,138
38,138
37,138
37,139
37,136
40,138
38,137
42,139
37,138
41,138
38,139
37,138
38,137
38,138
38,138
38,140
42,140
38,137
38,137
37,138
38,139
38,138
43,136
37,137
38,138
38,140
38,138
37,137
37,138
42,140
37,138
38,138
38,138
38,137
37,138
37,140
41,136
40,138
38,138
37,137
37,138
38,139
37,137
38,137
38,139
40,138
41,138
40,138
37,137
41,138
37,140
37,138
40,137
38,136
38,137
38,135
37,137
37,139
41,137
42,140
42,140
38,140
41,139
38,138
38,137
41,137
38,137
38,138
37,136
37,141
38,136
38,139
38,138
37,139
40,140
37,138
37,138
37,139
38,138
37,137
38,137
38,135
38,137
37,138
37,138
42,142
40,138
41,137
37,138
38,138
41,143
41,138
38,137
38,138
38,137
37,138
38,138
43,138
38,138
37,138
37,137
38,139
37,138
37,138
37,138
38,138
38,138
40,136
42,138
38,138
42,137
37,139
40,138
37,138
38,138
37,137
37,138
41,137
38,140
38,138
40,139
38,138
42,138
38,138
38,137
42,138
38,139
38,138
38,140
37,137
41,138
41,137
37,138
38,140
38,138
37,138
38,137
37,137
38,138
38,140
38,138
42,139
40,139
37,137
38,137
37,136
37,136
37,138
38,137
40,140
38,136
41,137
38,138
37,138
38,138
41,137
38,138
38,138
41,136
38,137
38,139
38,139
41,136
38,138
37,138
37,138
38,138
38,137
38,137
38,138
38,136
38,138
37,137
38,138
38,138
38,136
37,137
38,137
40,140
38,138
40,138
38,137
40,137
37,138
38,137
38,138
38,138
38,136
37,140
41,138
38,137
43,138
38,138
37,136
42,140
42,136
38,136
40,136
38,137
38,135
41,136
38,137
37,137
37,138
42,139
40,142
38,136
38,140
42,136
40,137
41,138
37,138
38,136
38,138
38,138
38,136
42,138
42,137
40,136
37,137
38,138
38,138
38,138
41,136
41,138
37,137
37,138
41,18446744073709486218
38,140
42,140
38,139
37,141
38,138
37,137
38,136
38,137
37,138
37,141
37,137
37,138
38,137
38,136
37,137
38,140
38,140
37,138
38,138
38,139
40,138
37,138
37,139
37,138
40,138
42,137
40,136
41,138
42,140
37,138
38,138
37,137
38,136
38,138
38,136
38,138
38,138
40,140
37,137
40,137
40,138
38,138
41,138
41,138
38,139
38,140
37,138
38,140
42,139
41,138
38,136
41,138
41,137
37,139
42,138
37,140
38,137
37,138
38,139
38,138
37,139
37,136
40,137
38,138
37,137
38,140
38,138
37,140
38,140
41,137
41,140
37,140
37,138
37,138
40,138
41,137
38,136
41,140
38,136
37,143
41,18446744073709486217
38,138
37,138
41,138
38,138
37,138
37,138
38,137
42,138
38,138
40,137
38,140
38,136
37,138
41,137
37,137
38,138
38,139
38,138
37,138
40,138
38,137
37,138
40,138
37,137
37,139
37,137
38,140
41,138
38,138
37,137
37,139
38,138
37,138
37,138
37,137
18446744073709486121,137
37,137
37,138
41,138
38,136
38,138
38,137
38,138
41,137
40,139
37,138
38,137
38,138
41,142
37,138
38,136
37,137
38,138
38,138
37,137
37,138
41,138
38,138
37,137
41,137
37,138
38,138
40,140
38,137
38,138
40,138
42,139
37,137
37,136
38,138
38,138
38,138
38,137
37,140
38,139
38,140
38,138
37,136
38,137
43,136
41,138
37,138
37,138
37,136
38,141
43,137
38,137
37,138
38,137
37,136
38,138
38,137
38,137
37,140
40,139
42,139
40,137
40,137
42,137
37,136
41,138
38,137
40,143
37,138
38,138
37,138
38,139
38,138
37,137
37,138
38,137
37,138
38,138
38,140
37,137
40,140
38,138
38,138
38,138
37,138
42,139
37,137
41,136
37,138
37,137
38,138
41,137
41,139
41,137
41,138
38,137
38,135
38,138
38,138
42,138
38,138
37,140
41,136
37,136
40,137
38,139
38,139
42,139
37,138
41,139
38,137
38,142
38,137
38,143
38,137
37,138
42,138
37,137
38,136
37,137
38,138
41,138
38,136
41,140
37,137
38,143
38,138
38,138
37,136
41,137
42,138
38,139
38,138
42,136
42,140
41,138
38,137
37,138
41,138
37,138
38,138
38,137
37,138
38,138
37,138
37,139
38,137
37,137
42,137
37,138
41,137
41,138
38,138
38,138
42,138
38,137
